{
    "pass@1": 0.10405405405405405,
    "pass@10": 0.24749925833517164,
    "detail": {
        "pass@1": {
            "0": 0.75,
            "1": 0.0,
            "2": 0.0,
            "3": 0.0,
            "4": 0.0,
            "5": 0.0,
            "6": 0.7999999999999999,
            "7": 0.0,
            "8": 0.0,
            "9": 0.09999999999999998,
            "10": 0.0,
            "11": 0.0,
            "12": 0.0,
            "13": 0.0,
            "14": 0.5499999999999998,
            "15": 0.0,
            "16": 0.4,
            "17": 0.0,
            "18": 0.0,
            "19": 0.0,
            "20": 0.0,
            "21": 0.050000000000000044,
            "22": 0.050000000000000044,
            "23": 0.0,
            "24": 0.0,
            "25": 0.0,
            "26": 0.050000000000000044,
            "27": 0.0,
            "28": 0.0,
            "29": 0.44999999999999984,
            "30": 0.15000000000000002,
            "31": 0.0,
            "32": 0.0,
            "33": 0.4999999999999999,
            "34": 0.0,
            "35": 0.0,
            "36": 0.0
        },
        "pass@10": {
            "0": 1.0,
            "1": 0.0,
            "2": 0.0,
            "3": 0.0,
            "4": 0.0,
            "5": 0.0,
            "6": 1.0,
            "7": 0.0,
            "8": 0.0,
            "9": 0.763157894736842,
            "10": 0.0,
            "11": 0.0,
            "12": 0.0,
            "13": 0.0,
            "14": 1.0,
            "15": 0.0,
            "16": 0.9996427720885925,
            "17": 0.0,
            "18": 0.0,
            "19": 0.0,
            "20": 0.0,
            "21": 0.5,
            "22": 0.5,
            "23": 0.0,
            "24": 0.0,
            "25": 0.0,
            "26": 0.5,
            "27": 0.0,
            "28": 0.0,
            "29": 0.9999404620147654,
            "30": 0.8947368421052632,
            "31": 0.0,
            "32": 0.0,
            "33": 0.9999945874558878,
            "34": 0.0,
            "35": 0.0,
            "36": 0.0
        }
    },
    "skill": "sorting",
    "run name": "1800_dsc_sorting"
}