{
    "pass@1": 0.07162162162162163,
    "pass@10": 0.17136641285248097,
    "detail": {
        "pass@1": {
            "0": 0.20000000000000007,
            "1": 0.0,
            "2": 0.0,
            "3": 0.0,
            "4": 0.0,
            "5": 0.0,
            "6": 0.8999999999999999,
            "7": 0.0,
            "8": 0.0,
            "9": 0.0,
            "10": 0.0,
            "11": 0.0,
            "12": 0.0,
            "13": 0.0,
            "14": 0.0,
            "15": 0.0,
            "16": 0.30000000000000004,
            "17": 0.0,
            "18": 0.0,
            "19": 0.0,
            "20": 0.0,
            "21": 0.0,
            "22": 0.050000000000000044,
            "23": 0.0,
            "24": 0.0,
            "25": 0.0,
            "26": 0.0,
            "27": 0.0,
            "28": 0.0,
            "29": 0.30000000000000004,
            "30": 0.15000000000000002,
            "31": 0.0,
            "32": 0.0,
            "33": 0.75,
            "34": 0.0,
            "35": 0.0,
            "36": 0.0
        },
        "pass@10": {
            "0": 0.956656346749226,
            "1": 0.0,
            "2": 0.0,
            "3": 0.0,
            "4": 0.0,
            "5": 0.0,
            "6": 1.0,
            "7": 0.0,
            "8": 0.0,
            "9": 0.0,
            "10": 0.0,
            "11": 0.0,
            "12": 0.0,
            "13": 0.0,
            "14": 0.0,
            "15": 0.0,
            "16": 0.9945820433436533,
            "17": 0.0,
            "18": 0.0,
            "19": 0.0,
            "20": 0.0,
            "21": 0.0,
            "22": 0.5,
            "23": 0.0,
            "24": 0.0,
            "25": 0.0,
            "26": 0.0,
            "27": 0.0,
            "28": 0.0,
            "29": 0.9945820433436533,
            "30": 0.8947368421052632,
            "31": 0.0,
            "32": 0.0,
            "33": 1.0,
            "34": 0.0,
            "35": 0.0,
            "36": 0.0
        }
    },
    "skill": "sorting",
    "run name": "dsc_sorting_cosine"
}