{
    "pass@1": 0.09390243902439023,
    "pass@10": 0.21368895772354202,
    "detail": {
        "pass@1": {
            "0": 0.75,
            "1": 0.050000000000000044,
            "2": 0.0,
            "3": 0.0,
            "4": 0.0,
            "5": 0.0,
            "6": 0.0,
            "7": 0.050000000000000044,
            "8": 0.0,
            "9": 0.0,
            "10": 0.0,
            "11": 0.3500000000000001,
            "12": 0.050000000000000044,
            "13": 0.4,
            "14": 0.0,
            "15": 0.0,
            "16": 0.09999999999999998,
            "17": 0.0,
            "18": 0.0,
            "19": 0.7999999999999999,
            "20": 0.0,
            "21": 0.0,
            "22": 0.0,
            "23": 0.4999999999999999,
            "24": 0.0,
            "25": 0.0,
            "26": 0.0,
            "27": 0.0,
            "28": 0.0,
            "29": 0.0,
            "30": 0.0,
            "31": 0.0,
            "32": 0.0,
            "33": 0.75,
            "34": 0.0,
            "35": 0.0,
            "36": 0.0,
            "37": 0.0,
            "38": 0.050000000000000044,
            "39": 0.0,
            "40": 0.0
        },
        "pass@10": {
            "0": 1.0,
            "1": 0.5,
            "2": 0.0,
            "3": 0.0,
            "4": 0.0,
            "5": 0.0,
            "6": 0.0,
            "7": 0.5,
            "8": 0.0,
            "9": 0.0,
            "10": 0.0,
            "11": 0.9984520123839009,
            "12": 0.5,
            "13": 0.9996427720885925,
            "14": 0.0,
            "15": 0.0,
            "16": 0.763157894736842,
            "17": 0.0,
            "18": 0.0,
            "19": 1.0,
            "20": 0.0,
            "21": 0.0,
            "22": 0.0,
            "23": 0.9999945874558878,
            "24": 0.0,
            "25": 0.0,
            "26": 0.0,
            "27": 0.0,
            "28": 0.0,
            "29": 0.0,
            "30": 0.0,
            "31": 0.0,
            "32": 0.0,
            "33": 1.0,
            "34": 0.0,
            "35": 0.0,
            "36": 0.0,
            "37": 0.0,
            "38": 0.5,
            "39": 0.0,
            "40": 0.0
        }
    },
    "skill": "data_structures",
    "run name": "4000_dsc_all"
}