{
    "pass@1": 0.1219512195121951,
    "pass@10": 0.25017861395570373,
    "detail": {
        "pass@1": {
            "0": 0.75,
            "1": 0.09999999999999998,
            "2": 0.0,
            "3": 0.0,
            "4": 0.0,
            "5": 0.0,
            "6": 0.0,
            "7": 0.30000000000000004,
            "8": 0.0,
            "9": 0.0,
            "10": 0.0,
            "11": 0.6000000000000001,
            "12": 0.0,
            "13": 0.7,
            "14": 0.0,
            "15": 0.0,
            "16": 0.0,
            "17": 0.0,
            "18": 0.050000000000000044,
            "19": 0.44999999999999984,
            "20": 0.0,
            "21": 0.0,
            "22": 0.0,
            "23": 0.6000000000000001,
            "24": 0.0,
            "25": 0.0,
            "26": 0.0,
            "27": 0.0,
            "28": 0.0,
            "29": 0.0,
            "30": 0.0,
            "31": 0.0,
            "32": 0.050000000000000044,
            "33": 0.95,
            "34": 0.0,
            "35": 0.0,
            "36": 0.0,
            "37": 0.0,
            "38": 0.4,
            "39": 0.0,
            "40": 0.050000000000000044
        },
        "pass@10": {
            "0": 1.0,
            "1": 0.763157894736842,
            "2": 0.0,
            "3": 0.0,
            "4": 0.0,
            "5": 0.0,
            "6": 0.0,
            "7": 0.9945820433436533,
            "8": 0.0,
            "9": 0.0,
            "10": 0.0,
            "11": 1.0,
            "12": 0.0,
            "13": 1.0,
            "14": 0.0,
            "15": 0.0,
            "16": 0.0,
            "17": 0.0,
            "18": 0.5,
            "19": 0.9999404620147654,
            "20": 0.0,
            "21": 0.0,
            "22": 0.0,
            "23": 1.0,
            "24": 0.0,
            "25": 0.0,
            "26": 0.0,
            "27": 0.0,
            "28": 0.0,
            "29": 0.0,
            "30": 0.0,
            "31": 0.0,
            "32": 0.5,
            "33": 1.0,
            "34": 0.0,
            "35": 0.0,
            "36": 0.0,
            "37": 0.0,
            "38": 0.9996427720885925,
            "39": 0.0,
            "40": 0.5
        }
    },
    "skill": "data_structures",
    "run name": "4000_dsc_data_structures"
}