{
    "pass@1": 0.08243243243243244,
    "pass@10": 0.23999922761532666,
    "detail": {
        "pass@1": {
            "0": 0.8999999999999999,
            "1": 0.0,
            "2": 0.0,
            "3": 0.0,
            "4": 0.0,
            "5": 0.0,
            "6": 0.25,
            "7": 0.0,
            "8": 0.0,
            "9": 0.20000000000000007,
            "10": 0.0,
            "11": 0.0,
            "12": 0.0,
            "13": 0.0,
            "14": 0.6000000000000001,
            "15": 0.050000000000000044,
            "16": 0.09999999999999998,
            "17": 0.0,
            "18": 0.0,
            "19": 0.0,
            "20": 0.0,
            "21": 0.0,
            "22": 0.20000000000000007,
            "23": 0.0,
            "24": 0.0,
            "25": 0.0,
            "26": 0.0,
            "27": 0.0,
            "28": 0.0,
            "29": 0.09999999999999998,
            "30": 0.20000000000000007,
            "31": 0.0,
            "32": 0.0,
            "33": 0.44999999999999984,
            "34": 0.0,
            "35": 0.0,
            "36": 0.0
        },
        "pass@10": {
            "0": 1.0,
            "1": 0.0,
            "2": 0.0,
            "3": 0.0,
            "4": 0.0,
            "5": 0.0,
            "6": 0.9837461300309598,
            "7": 0.0,
            "8": 0.0,
            "9": 0.956656346749226,
            "10": 0.0,
            "11": 0.0,
            "12": 0.0,
            "13": 0.0,
            "14": 1.0,
            "15": 0.5,
            "16": 0.763157894736842,
            "17": 0.0,
            "18": 0.0,
            "19": 0.0,
            "20": 0.0,
            "21": 0.0,
            "22": 0.956656346749226,
            "23": 0.0,
            "24": 0.0,
            "25": 0.0,
            "26": 0.0,
            "27": 0.0,
            "28": 0.0,
            "29": 0.763157894736842,
            "30": 0.956656346749226,
            "31": 0.0,
            "32": 0.0,
            "33": 0.9999404620147654,
            "34": 0.0,
            "35": 0.0,
            "36": 0.0
        }
    },
    "skill": "sorting",
    "run name": "dsc_all_cosine"
}